,Experiment,Group,Target,Inputs,MSE,RMSE,MAE,MAPE,Pearson_r
tcn,"MAP ← HR,O2Sat,Resp,Temp",1,MAP,"HR,O2Sat,Resp,Temp",246.3287,15.6949,12.0836,14.7881,0.2252
conv_lstm,"MAP ← HR,O2Sat,Resp,Temp",1,MAP,"HR,O2Sat,Resp,Temp",246.9464,15.7145,12.1024,14.8228,0.2203
unet1d,"MAP ← HR,O2Sat,Resp,Temp",1,MAP,"HR,O2Sat,Resp,Temp",247.3129,15.7262,12.0952,14.7699,0.217
lstm_seq2seq,"MAP ← HR,O2Sat,Resp,Temp",1,MAP,"HR,O2Sat,Resp,Temp",247.9955,15.7479,12.151,14.9032,0.2107
bilstm,"MAP ← HR,O2Sat,Resp,Temp",1,MAP,"HR,O2Sat,Resp,Temp",249.6278,15.7996,12.2241,15.0324,0.1961
transformer,"MAP ← HR,O2Sat,Resp,Temp",1,MAP,"HR,O2Sat,Resp,Temp",250.0333,15.8124,12.1802,14.8818,0.1907
LinearRegression,"MAP ← HR,O2Sat,Resp,Temp",1,MAP,"HR,O2Sat,Resp,Temp",256.6183,16.0193,12.4158,15.2408,0.1054
TargetMean,"MAP ← HR,O2Sat,Resp,Temp",1,MAP,"HR,O2Sat,Resp,Temp",259.4464,16.1073,12.4946,15.3278,
MeanImputation,"MAP ← HR,O2Sat,Resp,Temp",1,MAP,"HR,O2Sat,Resp,Temp",861.9657,29.3593,24.6511,27.2825,0.066
LinearInterp,"MAP ← HR,O2Sat,Resp,Temp",1,MAP,"HR,O2Sat,Resp,Temp",865.5005,29.4194,24.6595,27.2593,0.0308
ForwardFill,"MAP ← HR,O2Sat,Resp,Temp",1,MAP,"HR,O2Sat,Resp,Temp",870.6682,29.5071,24.7118,27.3241,0.0187
tcn,"SBP ← HR,O2Sat,Resp,Temp",1,SBP,"HR,O2Sat,Resp,Temp",519.562,22.7939,18.2238,15.1893,0.2306
conv_lstm,"SBP ← HR,O2Sat,Resp,Temp",1,SBP,"HR,O2Sat,Resp,Temp",522.8934,22.8669,18.284,15.2207,0.2167
unet1d,"SBP ← HR,O2Sat,Resp,Temp",1,SBP,"HR,O2Sat,Resp,Temp",524.7443,22.9073,18.3491,15.3532,0.2127
lstm_seq2seq,"SBP ← HR,O2Sat,Resp,Temp",1,SBP,"HR,O2Sat,Resp,Temp",525.5015,22.9238,18.3394,15.2972,0.2059
bilstm,"SBP ← HR,O2Sat,Resp,Temp",1,SBP,"HR,O2Sat,Resp,Temp",525.9191,22.9329,18.3551,15.3182,0.2045
transformer,"SBP ← HR,O2Sat,Resp,Temp",1,SBP,"HR,O2Sat,Resp,Temp",526.9613,22.9556,18.3479,15.2729,0.1988
LinearRegression,"SBP ← HR,O2Sat,Resp,Temp",1,SBP,"HR,O2Sat,Resp,Temp",543.7291,23.318,18.7186,15.6395,0.0998
TargetMean,"SBP ← HR,O2Sat,Resp,Temp",1,SBP,"HR,O2Sat,Resp,Temp",548.8164,23.4268,18.8021,15.719,
MeanImputation,"SBP ← HR,O2Sat,Resp,Temp",1,SBP,"HR,O2Sat,Resp,Temp",4783.6436,69.1639,64.8782,50.4971,-0.0185
LinearInterp,"SBP ← HR,O2Sat,Resp,Temp",1,SBP,"HR,O2Sat,Resp,Temp",4789.2695,69.2045,64.8772,50.4717,-0.056
ForwardFill,"SBP ← HR,O2Sat,Resp,Temp",1,SBP,"HR,O2Sat,Resp,Temp",4798.7383,69.2729,64.9003,50.4794,-0.0715
tcn,"DBP ← HR,O2Sat,Resp,Temp",1,DBP,"HR,O2Sat,Resp,Temp",176.8383,13.2981,10.1555,16.6041,0.273
conv_lstm,"DBP ← HR,O2Sat,Resp,Temp",1,DBP,"HR,O2Sat,Resp,Temp",178.0121,13.3421,10.2077,16.7286,0.2641
unet1d,"DBP ← HR,O2Sat,Resp,Temp",1,DBP,"HR,O2Sat,Resp,Temp",178.0903,13.345,10.1744,16.5655,0.26
bilstm,"DBP ← HR,O2Sat,Resp,Temp",1,DBP,"HR,O2Sat,Resp,Temp",178.4871,13.3599,10.2134,16.6898,0.2563
lstm_seq2seq,"DBP ← HR,O2Sat,Resp,Temp",1,DBP,"HR,O2Sat,Resp,Temp",178.7673,13.3704,10.2221,16.7082,0.2535
transformer,"DBP ← HR,O2Sat,Resp,Temp",1,DBP,"HR,O2Sat,Resp,Temp",181.6627,13.4782,10.3405,16.9465,0.2234
LinearRegression,"DBP ← HR,O2Sat,Resp,Temp",1,DBP,"HR,O2Sat,Resp,Temp",184.8164,13.5947,10.4404,17.0459,0.1803
TargetMean,"DBP ← HR,O2Sat,Resp,Temp",1,DBP,"HR,O2Sat,Resp,Temp",190.9952,13.8201,10.6384,17.3894,
MeanImputation,"DBP ← HR,O2Sat,Resp,Temp",1,DBP,"HR,O2Sat,Resp,Temp",214.3309,14.64,10.8988,16.6026,0.1418
LinearInterp,"DBP ← HR,O2Sat,Resp,Temp",1,DBP,"HR,O2Sat,Resp,Temp",217.0049,14.7311,10.9759,16.7344,0.1109
ForwardFill,"DBP ← HR,O2Sat,Resp,Temp",1,DBP,"HR,O2Sat,Resp,Temp",220.4069,14.8461,11.0677,16.8821,0.0996
tcn,"MAP ← HR,O2Sat,Resp,Temp,DBP",2,MAP,"HR,O2Sat,Resp,Temp,DBP",66.925,8.1808,5.791,6.968,0.8616
conv_lstm,"MAP ← HR,O2Sat,Resp,Temp,DBP",2,MAP,"HR,O2Sat,Resp,Temp,DBP",67.7177,8.2291,5.8388,7.0287,0.8597
lstm_seq2seq,"MAP ← HR,O2Sat,Resp,Temp,DBP",2,MAP,"HR,O2Sat,Resp,Temp,DBP",67.7839,8.2331,5.8372,7.0304,0.8596
bilstm,"MAP ← HR,O2Sat,Resp,Temp,DBP",2,MAP,"HR,O2Sat,Resp,Temp,DBP",67.9807,8.245,5.8483,7.0412,0.8591
unet1d,"MAP ← HR,O2Sat,Resp,Temp,DBP",2,MAP,"HR,O2Sat,Resp,Temp,DBP",68.0418,8.2487,5.8469,7.0402,0.859
transformer,"MAP ← HR,O2Sat,Resp,Temp,DBP",2,MAP,"HR,O2Sat,Resp,Temp,DBP",68.5939,8.2821,5.8925,7.1145,0.8579
LinearRegression,"MAP ← HR,O2Sat,Resp,Temp,DBP",2,MAP,"HR,O2Sat,Resp,Temp,DBP",71.7337,8.4696,6.0266,7.2735,0.8507
TargetMean,"MAP ← HR,O2Sat,Resp,Temp,DBP",2,MAP,"HR,O2Sat,Resp,Temp,DBP",259.4464,16.1073,12.4946,15.3278,
MeanImputation,"MAP ← HR,O2Sat,Resp,Temp,DBP",2,MAP,"HR,O2Sat,Resp,Temp,DBP",749.2233,27.3719,23.588,26.3663,0.5151
LinearInterp,"MAP ← HR,O2Sat,Resp,Temp,DBP",2,MAP,"HR,O2Sat,Resp,Temp,DBP",769.8012,27.7453,23.6297,26.2952,0.3848
ForwardFill,"MAP ← HR,O2Sat,Resp,Temp,DBP",2,MAP,"HR,O2Sat,Resp,Temp,DBP",778.9226,27.9092,23.677,26.3319,0.3225
tcn,"MAP ← HR,O2Sat,Resp,Temp,SBP",2,MAP,"HR,O2Sat,Resp,Temp,SBP",95.8287,9.7892,7.1345,8.6914,0.7943
unet1d,"MAP ← HR,O2Sat,Resp,Temp,SBP",2,MAP,"HR,O2Sat,Resp,Temp,SBP",96.8903,9.8433,7.1907,8.7591,0.7916
conv_lstm,"MAP ← HR,O2Sat,Resp,Temp,SBP",2,MAP,"HR,O2Sat,Resp,Temp,SBP",97.5038,9.8744,7.1815,8.7672,0.7902
lstm_seq2seq,"MAP ← HR,O2Sat,Resp,Temp,SBP",2,MAP,"HR,O2Sat,Resp,Temp,SBP",97.5976,9.8791,7.2301,8.814,0.7899
transformer,"MAP ← HR,O2Sat,Resp,Temp,SBP",2,MAP,"HR,O2Sat,Resp,Temp,SBP",97.8355,9.8912,7.2404,8.7983,0.7893
bilstm,"MAP ← HR,O2Sat,Resp,Temp,SBP",2,MAP,"HR,O2Sat,Resp,Temp,SBP",98.3087,9.9151,7.2301,8.8058,0.7881
LinearRegression,"MAP ← HR,O2Sat,Resp,Temp,SBP",2,MAP,"HR,O2Sat,Resp,Temp,SBP",101.2099,10.0603,7.3587,8.9649,0.781
TargetMean,"MAP ← HR,O2Sat,Resp,Temp,SBP",2,MAP,"HR,O2Sat,Resp,Temp,SBP",259.4464,16.1073,12.4946,15.3278,
MeanImputation,"MAP ← HR,O2Sat,Resp,Temp,SBP",2,MAP,"HR,O2Sat,Resp,Temp,SBP",298.9804,17.291,13.1883,14.435,0.6434
LinearInterp,"MAP ← HR,O2Sat,Resp,Temp,SBP",2,MAP,"HR,O2Sat,Resp,Temp,SBP",328.1581,18.1151,13.761,15.1151,0.4969
ForwardFill,"MAP ← HR,O2Sat,Resp,Temp,SBP",2,MAP,"HR,O2Sat,Resp,Temp,SBP",341.9842,18.4928,14.077,15.5181,0.42
lstm_seq2seq,"MAP ← HR,O2Sat,Resp,Temp,DBP,SBP",2,MAP,"HR,O2Sat,Resp,Temp,DBP,SBP",32.0033,5.6571,3.3749,4.0915,0.9363
transformer,"MAP ← HR,O2Sat,Resp,Temp,DBP,SBP",2,MAP,"HR,O2Sat,Resp,Temp,DBP,SBP",32.1472,5.6698,3.3842,4.1095,0.936
bilstm,"MAP ← HR,O2Sat,Resp,Temp,DBP,SBP",2,MAP,"HR,O2Sat,Resp,Temp,DBP,SBP",32.1876,5.6734,3.3571,4.0713,0.9359
tcn,"MAP ← HR,O2Sat,Resp,Temp,DBP,SBP",2,MAP,"HR,O2Sat,Resp,Temp,DBP,SBP",32.1956,5.6741,3.3702,4.0754,0.9359
unet1d,"MAP ← HR,O2Sat,Resp,Temp,DBP,SBP",2,MAP,"HR,O2Sat,Resp,Temp,DBP,SBP",32.4942,5.7004,3.3521,4.0678,0.9353
conv_lstm,"MAP ← HR,O2Sat,Resp,Temp,DBP,SBP",2,MAP,"HR,O2Sat,Resp,Temp,DBP,SBP",32.813,5.7283,3.405,4.1209,0.9347
LinearRegression,"MAP ← HR,O2Sat,Resp,Temp,DBP,SBP",2,MAP,"HR,O2Sat,Resp,Temp,DBP,SBP",34.4753,5.8716,3.5484,4.3054,0.9312
TargetMean,"MAP ← HR,O2Sat,Resp,Temp,DBP,SBP",2,MAP,"HR,O2Sat,Resp,Temp,DBP,SBP",259.4464,16.1073,12.4946,15.3278,
MeanImputation,"MAP ← HR,O2Sat,Resp,Temp,DBP,SBP",2,MAP,"HR,O2Sat,Resp,Temp,DBP,SBP",297.0776,17.2359,13.6013,14.8797,0.7999
LinearInterp,"MAP ← HR,O2Sat,Resp,Temp,DBP,SBP",2,MAP,"HR,O2Sat,Resp,Temp,DBP,SBP",335.8423,18.326,14.2,15.5504,0.6229
ForwardFill,"MAP ← HR,O2Sat,Resp,Temp,DBP,SBP",2,MAP,"HR,O2Sat,Resp,Temp,DBP,SBP",352.8847,18.7852,14.5437,15.9896,0.5257
tcn,"SBP ← HR,O2Sat,Resp,Temp,DBP",2,SBP,"HR,O2Sat,Resp,Temp,DBP",349.4077,18.6924,14.6792,12.1589,0.6026
lstm_seq2seq,"SBP ← HR,O2Sat,Resp,Temp,DBP",2,SBP,"HR,O2Sat,Resp,Temp,DBP",353.2182,18.7941,14.7622,12.2401,0.5968
conv_lstm,"SBP ← HR,O2Sat,Resp,Temp,DBP",2,SBP,"HR,O2Sat,Resp,Temp,DBP",353.5081,18.8018,14.7663,12.2592,0.5967
unet1d,"SBP ← HR,O2Sat,Resp,Temp,DBP",2,SBP,"HR,O2Sat,Resp,Temp,DBP",354.0687,18.8167,14.7944,12.2888,0.5958
bilstm,"SBP ← HR,O2Sat,Resp,Temp,DBP",2,SBP,"HR,O2Sat,Resp,Temp,DBP",355.28,18.8489,14.8111,12.2988,0.5938
transformer,"SBP ← HR,O2Sat,Resp,Temp,DBP",2,SBP,"HR,O2Sat,Resp,Temp,DBP",357.972,18.9201,14.8655,12.3128,0.5896
LinearRegression,"SBP ← HR,O2Sat,Resp,Temp,DBP",2,SBP,"HR,O2Sat,Resp,Temp,DBP",386.0008,19.6469,15.5078,12.8963,0.5448
TargetMean,"SBP ← HR,O2Sat,Resp,Temp,DBP",2,SBP,"HR,O2Sat,Resp,Temp,DBP",548.8164,23.4268,18.8021,15.719,
MeanImputation,"SBP ← HR,O2Sat,Resp,Temp,DBP",2,SBP,"HR,O2Sat,Resp,Temp,DBP",4605.1255,67.8611,64.0005,49.9793,0.2713
LinearInterp,"SBP ← HR,O2Sat,Resp,Temp,DBP",2,SBP,"HR,O2Sat,Resp,Temp,DBP",4624.4983,68.0037,63.9736,49.8776,0.172
ForwardFill,"SBP ← HR,O2Sat,Resp,Temp,DBP",2,SBP,"HR,O2Sat,Resp,Temp,DBP",4635.5049,68.0845,63.9705,49.8483,0.1248
tcn,"SBP ← HR,O2Sat,Resp,Temp,MAP",2,SBP,"HR,O2Sat,Resp,Temp,MAP",193.3875,13.9064,10.6797,8.8099,0.8048
lstm_seq2seq,"SBP ← HR,O2Sat,Resp,Temp,MAP",2,SBP,"HR,O2Sat,Resp,Temp,MAP",194.9454,13.9623,10.7186,8.8328,0.8029
bilstm,"SBP ← HR,O2Sat,Resp,Temp,MAP",2,SBP,"HR,O2Sat,Resp,Temp,MAP",195.2318,13.9725,10.7213,8.8305,0.8026
unet1d,"SBP ← HR,O2Sat,Resp,Temp,MAP",2,SBP,"HR,O2Sat,Resp,Temp,MAP",195.367,13.9774,10.7336,8.8493,0.8025
conv_lstm,"SBP ← HR,O2Sat,Resp,Temp,MAP",2,SBP,"HR,O2Sat,Resp,Temp,MAP",195.6891,13.9889,10.7122,8.8148,0.8021
transformer,"SBP ← HR,O2Sat,Resp,Temp,MAP",2,SBP,"HR,O2Sat,Resp,Temp,MAP",197.736,14.0619,10.8093,8.9218,0.7998
LinearRegression,"SBP ← HR,O2Sat,Resp,Temp,MAP",2,SBP,"HR,O2Sat,Resp,Temp,MAP",214.4228,14.6432,11.1112,9.1818,0.7805
TargetMean,"SBP ← HR,O2Sat,Resp,Temp,MAP",2,SBP,"HR,O2Sat,Resp,Temp,MAP",548.8164,23.4268,18.8021,15.719,
MeanImputation,"SBP ← HR,O2Sat,Resp,Temp,MAP",2,SBP,"HR,O2Sat,Resp,Temp,MAP",4063.7905,63.7479,60.0202,46.824,0.466
LinearInterp,"SBP ← HR,O2Sat,Resp,Temp,MAP",2,SBP,"HR,O2Sat,Resp,Temp,MAP",4093.2589,63.9786,59.9896,46.6847,0.3357
ForwardFill,"SBP ← HR,O2Sat,Resp,Temp,MAP",2,SBP,"HR,O2Sat,Resp,Temp,MAP",4108.2173,64.0954,59.9939,46.6538,0.2666
tcn,"SBP ← HR,O2Sat,Resp,Temp,DBP,MAP",2,SBP,"HR,O2Sat,Resp,Temp,DBP,MAP",118.0539,10.8653,8.1315,6.6726,0.8859
lstm_seq2seq,"SBP ← HR,O2Sat,Resp,Temp,DBP,MAP",2,SBP,"HR,O2Sat,Resp,Temp,DBP,MAP",120.0115,10.955,8.2065,6.7211,0.8839
transformer,"SBP ← HR,O2Sat,Resp,Temp,DBP,MAP",2,SBP,"HR,O2Sat,Resp,Temp,DBP,MAP",120.8714,10.9942,8.1562,6.6806,0.8831
bilstm,"SBP ← HR,O2Sat,Resp,Temp,DBP,MAP",2,SBP,"HR,O2Sat,Resp,Temp,DBP,MAP",122.047,11.0475,8.2825,6.7965,0.8818
conv_lstm,"SBP ← HR,O2Sat,Resp,Temp,DBP,MAP",2,SBP,"HR,O2Sat,Resp,Temp,DBP,MAP",122.9192,11.0869,8.3308,6.8271,0.8809
unet1d,"SBP ← HR,O2Sat,Resp,Temp,DBP,MAP",2,SBP,"HR,O2Sat,Resp,Temp,DBP,MAP",123.6826,11.1213,8.3291,6.8115,0.8801
LinearRegression,"SBP ← HR,O2Sat,Resp,Temp,DBP,MAP",2,SBP,"HR,O2Sat,Resp,Temp,DBP,MAP",185.6199,13.6242,9.8125,8.1281,0.8135
TargetMean,"SBP ← HR,O2Sat,Resp,Temp,DBP,MAP",2,SBP,"HR,O2Sat,Resp,Temp,DBP,MAP",548.8164,23.4268,18.8021,15.719,
MeanImputation,"SBP ← HR,O2Sat,Resp,Temp,DBP,MAP",2,SBP,"HR,O2Sat,Resp,Temp,DBP,MAP",4045.8708,63.6072,60.099,47.0056,0.5312
LinearInterp,"SBP ← HR,O2Sat,Resp,Temp,DBP,MAP",2,SBP,"HR,O2Sat,Resp,Temp,DBP,MAP",4082.0015,63.8905,60.0521,46.822,0.3914
ForwardFill,"SBP ← HR,O2Sat,Resp,Temp,DBP,MAP",2,SBP,"HR,O2Sat,Resp,Temp,DBP,MAP",4098.4009,64.0188,60.0374,46.7666,0.3166
tcn,"DBP ← HR,O2Sat,Resp,Temp,SBP",2,DBP,"HR,O2Sat,Resp,Temp,SBP",122.6805,11.0761,8.2954,13.5057,0.5986
lstm_seq2seq,"DBP ← HR,O2Sat,Resp,Temp,SBP",2,DBP,"HR,O2Sat,Resp,Temp,SBP",123.5292,11.1144,8.345,13.614,0.5944
conv_lstm,"DBP ← HR,O2Sat,Resp,Temp,SBP",2,DBP,"HR,O2Sat,Resp,Temp,SBP",123.938,11.1327,8.304,13.4585,0.593
unet1d,"DBP ← HR,O2Sat,Resp,Temp,SBP",2,DBP,"HR,O2Sat,Resp,Temp,SBP",124.3742,11.1523,8.3644,13.6326,0.5922
transformer,"DBP ← HR,O2Sat,Resp,Temp,SBP",2,DBP,"HR,O2Sat,Resp,Temp,SBP",125.4717,11.2014,8.3875,13.6464,0.5859
bilstm,"DBP ← HR,O2Sat,Resp,Temp,SBP",2,DBP,"HR,O2Sat,Resp,Temp,SBP",125.7609,11.2143,8.3668,13.6284,0.5845
LinearRegression,"DBP ← HR,O2Sat,Resp,Temp,SBP",2,DBP,"HR,O2Sat,Resp,Temp,SBP",131.1722,11.453,8.5563,13.9434,0.5597
TargetMean,"DBP ← HR,O2Sat,Resp,Temp,SBP",2,DBP,"HR,O2Sat,Resp,Temp,SBP",190.9952,13.8201,10.6384,17.3894,
MeanImputation,"DBP ← HR,O2Sat,Resp,Temp,SBP",2,DBP,"HR,O2Sat,Resp,Temp,SBP",218.5848,14.7846,12.1675,21.6476,0.4968
LinearInterp,"DBP ← HR,O2Sat,Resp,Temp,SBP",2,DBP,"HR,O2Sat,Resp,Temp,SBP",237.7264,15.4184,12.6063,22.4557,0.3835
ForwardFill,"DBP ← HR,O2Sat,Resp,Temp,SBP",2,DBP,"HR,O2Sat,Resp,Temp,SBP",246.5161,15.7008,12.7751,22.7145,0.3298
transformer,"DBP ← HR,O2Sat,Resp,Temp,MAP",2,DBP,"HR,O2Sat,Resp,Temp,MAP",49.5266,7.0375,4.946,7.8789,0.8607
tcn,"DBP ← HR,O2Sat,Resp,Temp,MAP",2,DBP,"HR,O2Sat,Resp,Temp,MAP",49.5567,7.0396,4.9055,7.8221,0.8606
conv_lstm,"DBP ← HR,O2Sat,Resp,Temp,MAP",2,DBP,"HR,O2Sat,Resp,Temp,MAP",49.5865,7.0418,4.9283,7.8625,0.8605
bilstm,"DBP ← HR,O2Sat,Resp,Temp,MAP",2,DBP,"HR,O2Sat,Resp,Temp,MAP",49.813,7.0578,4.9499,7.8913,0.8598
lstm_seq2seq,"DBP ← HR,O2Sat,Resp,Temp,MAP",2,DBP,"HR,O2Sat,Resp,Temp,MAP",49.9815,7.0698,4.9505,7.8968,0.8593
unet1d,"DBP ← HR,O2Sat,Resp,Temp,MAP",2,DBP,"HR,O2Sat,Resp,Temp,MAP",50.1984,7.0851,4.9565,7.9095,0.8586
LinearRegression,"DBP ← HR,O2Sat,Resp,Temp,MAP",2,DBP,"HR,O2Sat,Resp,Temp,MAP",51.6568,7.1873,5.0252,8.0227,0.8542
MeanImputation,"DBP ← HR,O2Sat,Resp,Temp,MAP",2,DBP,"HR,O2Sat,Resp,Temp,MAP",127.4938,11.2913,8.643,14.1637,0.633
LinearInterp,"DBP ← HR,O2Sat,Resp,Temp,MAP",2,DBP,"HR,O2Sat,Resp,Temp,MAP",148.3574,12.1802,9.2753,15.2082,0.4953
ForwardFill,"DBP ← HR,O2Sat,Resp,Temp,MAP",2,DBP,"HR,O2Sat,Resp,Temp,MAP",156.9465,12.5278,9.5356,15.6287,0.4268
TargetMean,"DBP ← HR,O2Sat,Resp,Temp,MAP",2,DBP,"HR,O2Sat,Resp,Temp,MAP",190.9952,13.8201,10.6384,17.3894,
tcn,"DBP ← HR,O2Sat,Resp,Temp,SBP,MAP",2,DBP,"HR,O2Sat,Resp,Temp,SBP,MAP",31.0887,5.5757,3.7042,5.9326,0.9151
lstm_seq2seq,"DBP ← HR,O2Sat,Resp,Temp,SBP,MAP",2,DBP,"HR,O2Sat,Resp,Temp,SBP,MAP",32.0487,5.6612,3.792,6.0733,0.9123
bilstm,"DBP ← HR,O2Sat,Resp,Temp,SBP,MAP",2,DBP,"HR,O2Sat,Resp,Temp,SBP,MAP",32.1435,5.6695,3.7888,6.078,0.9122
transformer,"DBP ← HR,O2Sat,Resp,Temp,SBP,MAP",2,DBP,"HR,O2Sat,Resp,Temp,SBP,MAP",32.1462,5.6698,3.7892,6.0416,0.9121
conv_lstm,"DBP ← HR,O2Sat,Resp,Temp,SBP,MAP",2,DBP,"HR,O2Sat,Resp,Temp,SBP,MAP",32.5846,5.7083,3.7931,6.0783,0.9107
unet1d,"DBP ← HR,O2Sat,Resp,Temp,SBP,MAP",2,DBP,"HR,O2Sat,Resp,Temp,SBP,MAP",32.7411,5.722,3.8567,6.2201,0.9107
LinearRegression,"DBP ← HR,O2Sat,Resp,Temp,SBP,MAP",2,DBP,"HR,O2Sat,Resp,Temp,SBP,MAP",44.7263,6.6878,4.3051,6.8539,0.8752
TargetMean,"DBP ← HR,O2Sat,Resp,Temp,SBP,MAP",2,DBP,"HR,O2Sat,Resp,Temp,SBP,MAP",190.9952,13.8201,10.6384,17.3894,
MeanImputation,"DBP ← HR,O2Sat,Resp,Temp,SBP,MAP",2,DBP,"HR,O2Sat,Resp,Temp,SBP,MAP",218.9153,14.7958,12.5192,22.3555,0.6765
LinearInterp,"DBP ← HR,O2Sat,Resp,Temp,SBP,MAP",2,DBP,"HR,O2Sat,Resp,Temp,SBP,MAP",249.734,15.803,13.1621,23.5358,0.5273
ForwardFill,"DBP ← HR,O2Sat,Resp,Temp,SBP,MAP",2,DBP,"HR,O2Sat,Resp,Temp,SBP,MAP",263.912,16.2454,13.4124,23.9317,0.4503
tcn,"Temp ← HR,O2Sat,Resp,MAP,SBP,DBP",3,Temp,"HR,O2Sat,Resp,MAP,SBP,DBP",0.4115,0.6415,0.4885,1.3244,0.3832
conv_lstm,"Temp ← HR,O2Sat,Resp,MAP,SBP,DBP",3,Temp,"HR,O2Sat,Resp,MAP,SBP,DBP",0.4156,0.6447,0.4911,1.3311,0.3734
bilstm,"Temp ← HR,O2Sat,Resp,MAP,SBP,DBP",3,Temp,"HR,O2Sat,Resp,MAP,SBP,DBP",0.4177,0.6463,0.4912,1.3317,0.367
unet1d,"Temp ← HR,O2Sat,Resp,MAP,SBP,DBP",3,Temp,"HR,O2Sat,Resp,MAP,SBP,DBP",0.4177,0.6463,0.4936,1.3395,0.3716
lstm_seq2seq,"Temp ← HR,O2Sat,Resp,MAP,SBP,DBP",3,Temp,"HR,O2Sat,Resp,MAP,SBP,DBP",0.4186,0.647,0.494,1.3392,0.3628
transformer,"Temp ← HR,O2Sat,Resp,MAP,SBP,DBP",3,Temp,"HR,O2Sat,Resp,MAP,SBP,DBP",0.4187,0.6471,0.4937,1.34,0.3749
LinearRegression,"Temp ← HR,O2Sat,Resp,MAP,SBP,DBP",3,Temp,"HR,O2Sat,Resp,MAP,SBP,DBP",0.4414,0.6644,0.5106,1.3845,0.2928
TargetMean,"Temp ← HR,O2Sat,Resp,MAP,SBP,DBP",3,Temp,"HR,O2Sat,Resp,MAP,SBP,DBP",0.4826,0.6947,0.5386,1.4601,
LinearInterp,"Temp ← HR,O2Sat,Resp,MAP,SBP,DBP",3,Temp,"HR,O2Sat,Resp,MAP,SBP,DBP",1822.8178,42.6945,41.9135,113.588,0.0643
MeanImputation,"Temp ← HR,O2Sat,Resp,MAP,SBP,DBP",3,Temp,"HR,O2Sat,Resp,MAP,SBP,DBP",1825.5919,42.7269,41.8251,113.3459,0.0662
ForwardFill,"Temp ← HR,O2Sat,Resp,MAP,SBP,DBP",3,Temp,"HR,O2Sat,Resp,MAP,SBP,DBP",1834.3854,42.8297,41.9199,113.6067,0.0567
tcn,"Resp ← HR,O2Sat,Temp,MAP,SBP,DBP",4,Resp,"HR,O2Sat,Temp,MAP,SBP,DBP",22.7191,4.7665,3.5619,21.9768,0.3008
conv_lstm,"Resp ← HR,O2Sat,Temp,MAP,SBP,DBP",4,Resp,"HR,O2Sat,Temp,MAP,SBP,DBP",22.8279,4.7779,3.5785,22.1042,0.2936
bilstm,"Resp ← HR,O2Sat,Temp,MAP,SBP,DBP",4,Resp,"HR,O2Sat,Temp,MAP,SBP,DBP",22.9072,4.7861,3.5799,22.1609,0.2876
unet1d,"Resp ← HR,O2Sat,Temp,MAP,SBP,DBP",4,Resp,"HR,O2Sat,Temp,MAP,SBP,DBP",22.9076,4.7862,3.5744,21.9933,0.2887
lstm_seq2seq,"Resp ← HR,O2Sat,Temp,MAP,SBP,DBP",4,Resp,"HR,O2Sat,Temp,MAP,SBP,DBP",22.9213,4.7876,3.5798,22.1082,0.2873
transformer,"Resp ← HR,O2Sat,Temp,MAP,SBP,DBP",4,Resp,"HR,O2Sat,Temp,MAP,SBP,DBP",23.0455,4.8006,3.5713,21.8852,0.282
LinearRegression,"Resp ← HR,O2Sat,Temp,MAP,SBP,DBP",4,Resp,"HR,O2Sat,Temp,MAP,SBP,DBP",23.3202,4.8291,3.6075,22.3039,0.2576
TargetMean,"Resp ← HR,O2Sat,Temp,MAP,SBP,DBP",4,Resp,"HR,O2Sat,Temp,MAP,SBP,DBP",24.9755,4.9976,3.7487,23.1512,
MeanImputation,"Resp ← HR,O2Sat,Temp,MAP,SBP,DBP",4,Resp,"HR,O2Sat,Temp,MAP,SBP,DBP",4068.4939,63.7847,63.0969,373.5211,0.1351
LinearInterp,"Resp ← HR,O2Sat,Temp,MAP,SBP,DBP",4,Resp,"HR,O2Sat,Temp,MAP,SBP,DBP",4072.8635,63.819,63.1843,374.5732,0.1047
ForwardFill,"Resp ← HR,O2Sat,Temp,MAP,SBP,DBP",4,Resp,"HR,O2Sat,Temp,MAP,SBP,DBP",4087.7676,63.9357,63.2152,374.8622,0.0905
tcn,"O2Sat ← HR,Resp,Temp,MAP,SBP,DBP",4,O2Sat,"HR,Resp,Temp,MAP,SBP,DBP",8.5923,2.9313,2.0372,2.1699,0.2071
conv_lstm,"O2Sat ← HR,Resp,Temp,MAP,SBP,DBP",4,O2Sat,"HR,Resp,Temp,MAP,SBP,DBP",8.5927,2.9313,2.0267,2.1599,0.2081
unet1d,"O2Sat ← HR,Resp,Temp,MAP,SBP,DBP",4,O2Sat,"HR,Resp,Temp,MAP,SBP,DBP",8.6003,2.9326,2.0334,2.167,0.2065
bilstm,"O2Sat ← HR,Resp,Temp,MAP,SBP,DBP",4,O2Sat,"HR,Resp,Temp,MAP,SBP,DBP",8.6245,2.9368,2.0439,2.1771,0.1991
lstm_seq2seq,"O2Sat ← HR,Resp,Temp,MAP,SBP,DBP",4,O2Sat,"HR,Resp,Temp,MAP,SBP,DBP",8.6313,2.9379,2.0453,2.1784,0.1967
transformer,"O2Sat ← HR,Resp,Temp,MAP,SBP,DBP",4,O2Sat,"HR,Resp,Temp,MAP,SBP,DBP",8.6413,2.9396,2.035,2.1691,0.1956
LinearRegression,"O2Sat ← HR,Resp,Temp,MAP,SBP,DBP",4,O2Sat,"HR,Resp,Temp,MAP,SBP,DBP",8.7607,2.9599,2.0723,2.2063,0.1554
TargetMean,"O2Sat ← HR,Resp,Temp,MAP,SBP,DBP",4,O2Sat,"HR,Resp,Temp,MAP,SBP,DBP",8.9783,2.9964,2.1105,2.2464,
LinearInterp,"O2Sat ← HR,Resp,Temp,MAP,SBP,DBP",4,O2Sat,"HR,Resp,Temp,MAP,SBP,DBP",884.1971,29.7355,28.4652,29.2303,-0.0274
ForwardFill,"O2Sat ← HR,Resp,Temp,MAP,SBP,DBP",4,O2Sat,"HR,Resp,Temp,MAP,SBP,DBP",896.8996,29.9483,28.5168,29.285,-0.0246
MeanImputation,"O2Sat ← HR,Resp,Temp,MAP,SBP,DBP",4,O2Sat,"HR,Resp,Temp,MAP,SBP,DBP",898.9467,29.9824,28.5718,29.3406,-0.0229
